标题,类型,计划发布时间,状态,ROI,备注,产品ID,产品名称,曝光4h,互动4h,内容负责人,投放负责人
键盘配色投票图文,图文,2026-08-10 09:20,,2.9,"投票互动超预期,加做一期",P-2001,,31200,4100,林晓,陈远
耳机使用场景短片,视频,2026-08-22 12:45,,1.7,,P-2002,,19800,1500,,
智能台灯深夜电台,音频,2026-08-31 22:10,,0.6,"时段偏晚,曝光一般",P-2003,,4300,210,,
"台灯开箱,含字幕",视频,2026-09-01 18:00,,3.3,"标题带逗号的 CSV 转义演示",P-2003,,67800,5900,陈远,林晓
循环扇直播排期海报,图文,2026-09-02 10:00,,2.1,,P-2005,,22100,1800,,
键盘轴体科普长图,图文,2026-09-06 15:00,,,,P-2001,,,,,
耳机联名预告海报,图文,2026-09-14 12:00,,,待商务确认,P-2099,,,,,
曜岩键盘新品预热视频,视频,2026-09-18 10:00,,,随 product_name 自动登记为新产品,P-2100,曜岩客制化键盘,,,苏晴,陈远
季度复盘数据长文,数据,2026-09-25 09:30,,,窗口外未来数据演示,P-2004,,,,,
